to_address,txs
0xaadba140ae5e4c8a9ef0cc86ea3124b446e3e46a,12371
0x1710d860034b50177d793e16945b6a25c7d92476,8052
0x099a16f0414cb0cc0555d5f1f8140166462d39ff,6855
0x24d0cbd0d5d7b50212251c5dc7cb810e7af71f6a,6648
0xa56a4f2b9807311ac401c6afba695d3b0c31079d,5975
0xe440654a00b757446b4914c56ad56a804a6bc6af,5234
0x6abab28fa94f76789844141b09a560a521fe5ba0,4634
0x94d4a314fc718adfb3e9e25d3e3a984862ec7f1b,3714
0x6fecaa110f74c8181e4a90285b1065be32596c9d,2910
0x9ef27de616154ff8b38893c59522b69c7ba8a81c,2223
0xdda32aabbbb6c44efc567bac5f7c35f185338456,2055
0x9cf63efbe189091b7e3d364c7f6cfbe06997872b,2000
0x3ca53be299c765cdc66cc1723f8b3eefb3aaa413,1943
0xdf6e32d85d17e907e0da157fab7c12788e7161da,1756
0x2821e35072ccdad0d69665092f64eb280b385c73,1467
0x88d623ab2cf63e05edfead7462c34f048b55d75b,1373
0xec516efecd8276efc608ecd958a4eab8618c61e8,978
0x72f6c7cf94f73e71ef2fdceff707b1fd8d05c609,583
0x5267f4183868f0bff6f95b7ba70c9f0193e645c0,562
0xd31fc221d2b0e0321c43e9f6824b26ebfff01d7d,465
0x1eb7382976077f92cf25c27cc3b900a274fd0012,445
0xa5b6109ad2d35191b3bc32c00e4526be56fe321f,430
0xe0f2a7ce7b520ef38594de6eab6e088e249b7036,381
0xdce09254dd3592381b6a5b7a848b29890b656e01,346
0x568a1f8554edcea5cb5f94e463ac69a9c49c0a2d,328
0xd4048be096f969f51fd5642a9c744ec2a7eb89fe,321
0x036862b7a68f9eb4a3a43f8b54de95cf05d13ec8,316
0x7ccdc136619cddf744122a938b4448eda1590fe1,299
0x23cd7da31501aa54f61384a3756fb4a1329dbb2c,298
0x63a2e70b9208e8285c9a95f322243186cd77087b,278
0xdcbb200e480a94c9a29e27b336b7ffd2390df71e,274
0xf420d2543dfa7f1629ddfc0e66e7b329a13c34fb,219
0xd147c1ec123f3a66567b858d86aa21b05a68764f,212
0x620de236fcce1e061725f382be3d1bf689f29a5c,210
0x1af518ab9c883125f0d34b4f929c6c3cf3c91a41,205
0x3de3fd7ed77099e16c720bdfeb339473227da44d,155
0x3bbfea5632490f4d09b9a167633929bd17356e18,152
0x84f4226af1eb4b5e76c5dd203eef7f1f3452fb9d,142
0x665d9259f18b29a4ca38e9a4768cedee1429d116,136
0xa9f237aee1b3bf78e1a93b8b5067619765c4dcba,132
0x172293deb1ac52d3bd34518f785361d075993bd0,118
0xd2b3b1753e96a7578dfa5b5a7ea65d2fcd0d92bb,113
0x6ea2d76ecbd4257bd910925973034fbcad4ab423,103
0x46dcf653329803b4f097d295dc475d24dfcd1410,101
0xe208d801364bdf1759824ecf60c5d351c64ca0fe,96
0xe41161b8692a2f8aeda6b85d5b92ec6f5724ced7,96
0x747b1606da0adf2a00c3fba0204b0ea6f2047244,94
0xe884e9fc6823c00f7f82369049529a5a5adc157e,92
0xd5500f15abdab81f4ede3a30a215964a4068a4b7,80
0x3003b437acefa025210dfa70f409f82790d76963,79
0xe714485b00e1062c1dfef1aee64ad6c8b85987f3,72
0xafee04257f9ef008bc4a66e3fcf247680f3c787e,62
0x58c6c6e4cabf14d47af0431e900ff2a922ee7baa,58
0xe526028f3bc16ad2cd6102f5e2e2fd1c285c85f0,58
0xb84735160528d1884bb99261ba91f88a92701008,57
0x5a7b50a20246ebf7d58d268f31f45bd23f897dbc,54
0x76e422de0ce8842ebe837bc7ab6984b4fff88055,42
0x5b642a698d864eeeda0fa9370cf325b029055614,41
0x777777b9d283ed394e89d11fa853b1e4f885b3e6,40
0xf6d24e650f3553c2394c95226a50b949b7f0576b,34
0xf9ecc8918d5ae1d269589b8add264b258a25b2ed,34
0xc323f3b39ab0779fc6300cad7d7e3f47c1b86c27,33
0x441245d179669795bcbe49d5c36241a1d3f9b762,30
0x6c7c97caff156473f6c9836522ae6e1d6448abe7,29
0x13891f1a05aef42ec6eee63cc68a251f6e963e4d,27
0x9ecd1b05d167b30e819fcd959a344b4fc622b5b4,25
0x77dfdda69e9491c7c8d78a9e2413562b32aef2ff,25
0x92fad4af91f1e0e4787513bd6b158f2eed442d06,25
0x50b1f5226d334da1fa0301e13f9011c41874af4f,24
0x0fbffadc1c65fe17a13611939124cdb6373e748d,23
0x64d0feead12c8c4489dfe3596a870dd0b4402db3,23
0x41f764cdb907ba339dde0d049f92030d9dc8aacf,23
0x91c64c91c66636b20563be96d977496be7ccd536,21
0x9323ae473442102f51d9b9852b6c20f9ac7a86d5,21
0x136a926e280ce77fae1fcfd365031979d191d20b,20
0xfd7e74d8fdab0b432cfe41e4f56501c2113780d8,19
0x023a4c057e769beede7dfa20d4f39e5cd7413bc7,19
0xa05563ccef87ff9ca1e770270d9f1a26916d9c48,18
0xd426e50217ba7a32f2e8ba77514f7eae01e23d97,17
0x19e6e766c192607e6c93afe04c4885353742585b,16
0x0ba3f949223f765d47e42a7efe9e5d03b4169162,13
0x764c24a010b48160a3a382617a33983a84759b55,13
0xcd236f72dfda6eb5618e54944bb1a335d7864d10,13
0xbaa4244d64e85d8914593a180b1a3bd2a50b4702,13
0xb8b14bb0c32d55de003df967a018b82cab380f72,12
0x4d9be129e88fb9a9c7eae5ce21908ff935c5e951,11
0xbf85437073bfbf0816459421d5a405dc31b8bb53,11
0x22d87a73072b30c6a0c5e24d87688ccaa3731a3d,11
0xbcdbd6f0a92192c3be242e23365dc92e4d62a46b,11
0x7d825e93832cd489b1781e7ac6edf838d3c725bf,10
0x52871674b27d13b9975d55015c6032b7661fc108,8
0xb32ab3a994f599b165d3a4e33805fa5c86020e16,8
0xb784be5bbca959a5c16f834d9e07b2b9a18f931c,8
0x944096ad594722e9aec7df167bec70e8b180ee6b,7
0x3a6aaf7046ff81b9858a62389f650069aa1bbac8,7
0xdcb68734d74281a2743e50795cfb6ee18728c42e,6
0x6cdf08ff9216b6e22a51852f48feb10ea05dff31,6
0x9d3598241cf12b48558d0b4176009cab493df1f0,6
0xc89821c78be73ec1461f197e3cdcdb52a7e6bf74,6
0xfcd7e0300bc294cb0c179d987b9b29d62de72620,5
0x012a0a0e5503f6915dcf186a88ce401492766b43,5
0xd975d1b16168b06b53a12fa3d501b3f75943f5ba,5
0xb802727b58a1be20805a7b61594f2e6c7ee8dfbf,5
0xabe481ecc15d09dc19c31f4402841b5e77354fa5,5
0x99c7b74aed5febd36d61d2f34159adb7df311d77,5
0xc3a5f8ae1e1f81ff8bd443e6908841ac9c3f93fd,4
0x61d31d57476c1acf6a81c6eacc3644735a704eb9,4
0x478cb3024bfe9a242862fa5d531db5bf4614d313,4
0x880f0fa50196e0d879a9fd4d8ec1788c8e77e8f7,4
0x6069549a846b47fdbc04204d7e86d50c09c30bef,4
0x23edcf2dc7ca842d985c30581d3275c5416bcced,4
0x4f5ca7ebb390b8bdaf67b76d0e16bc5cda5b0914,4
0x81ed1d25e5085e1293e28a4683e37bb36a334d61,4
0xc480fdfd49486f25e93e540a03e9cb1976f0ed96,4
0x68d43d6bed0b05d6fdc1f9fe78cbdb662ef6df76,3
0x60bb5cb937bddf54e9b3aaa9699f5e7cda0dc46d,3
0xec52e1a1294bf8088abf48a1cabb11ac7e2eef53,3
0x7daa7ab4881f30d8017aac51f969e04a34f86393,3
0x109b42fc288999dc20d74e68e14b80e9454ab889,3
0xe577bdc764877c9891f43d7e91703b2b38d8ee75,3
0x46689085f50799ae1bad506eb1efa5448a814ee9,3
0x89a0003bb41ce1b2363bfc36e30565c4f565419e,3
0x4037d035bd6b91332284f67eabb2287050408e2d,3
0x1178a77e00c6ad1509966453285b0d56040df730,3
0x790e26bdd420180eb0893144533adcc8ce54b7cc,3
0xdff73483d194424a364e0da3611c39b5346ac8bd,2
0x04267b425437e7c812d78557f25830347562b31a,2
0x826b1b3a631ab948884255c547264956bd3839e5,2
0x696f0de2653ac001dbbd687449598ae010771156,2
0x85f34416d65ee0a3a1376650802cc0447fe19733,2
0x7fcfbf12a75b7f6d25a72a96d735af79f87adb75,2
0x38c5befc9fb2c389b25d4cd289a781e48319440e,2
0xcd01e20d05c30004724c3b86f5ec0b0a88a5436d,2
0xf94aa02a5f3b7f4072a16b8329c12e4a488fc4ad,2
0x8647de541d7684ea73246452598b798efc50f62f,2
0xc40c00beb41d5a53c06428cfdef6ba2e24642dd4,2
0xa02823c52b9b49493328e9522fc95effcfb0a229,2
0x4e303aec327bd379f413531e95c24c94420c73bc,2
0x85012f17816869e2fe4bdd051ecd948909815489,2
0x458da11e3f5e65117c41264d61118d07b3283bff,2
0xd9cf3f6ddca851887f3424a9630edfbf23d6da94,2
0x5ca8f457693220b016dc6b7195d64180f738c231,2
0xce492ad3e1d7fa21ed89d747a95ab339e047f2ba,2
0x68f580df8de489ecde1d720e3e717262b02f1f67,2
0xfd7676aa1a24de0816d878b584e4867c36fd0689,1
0x52ae6991db6322c1c9a1a02ad491b37a23c090a6,1
0x361b0aec61a3d696742722f8b8c9482a79adc57a,1
0x2a8c240a10623620fd7a5d7a3d9cacacc0c0afd4,1
0x1996097916ff95c3c3db1ed87bbe4ee42adda405,1
0x8f5c9529b251ea458633a32fab7a070b6212f83a,1
0xeae7d4a4d5e682a054ef15a5d5a10ecd067f7459,1
0x250cde81244adcfe78a26be7198fa21004adfd8b,1
0xb5bc8b770d29557cc0d31a0d7b3a2575e4c9f84e,1
0x0719065391188b6ba66d8f933f265cc01cfe43c9,1
0x27e5df34d7fcc72ae993e38c16becc952dcf5d10,1
0xf4e4bc7e43934ae01ed6364829a976e552388116,1
0xc021b598e3c0144f0d7d7df26c5d43ba2916ff2e,1
0x8f9e976f58cb224fc02f973be70ccac4562c0dce,1
0x1d0afce261bb6f67d1289e73495088b420a82f2e,1
0x00027ffc0fbed9ac510935abf860300af93fe954,1
0x18b32bf66e65ec9034632393e29ac66b94e67bd6,1
0xa6b45316bfe0dd3daa7b26baac889a3d09a0a0ba,1
0x04a741b72f12b6081ab804f4faffb06952bbadcb,1
0x409a58240085eb7e6b4d300acc3e15b9aa663ac6,1
0x477f457839e07ac30d942673caf601e059525bdd,1
0xab7974b6336d6a679ee0d6e2a8f00632d5eed995,1
0x423c4b9accb8c640f9a864e43d9bba4ffe050afa,1
0x9407453d7df8aece425e657918018e37d79d7de4,1
0x9676234267ddb2c6a20d44053e00d54e47e13a79,1
0x6f57d3522cc5cde21fcc4e137efb5ad6af779353,1
0x2dd9784dbd638b8e69a57c0bb8de778675c82f32,1
0xf6a433e797275b59c1128b2a4a5953e9dece88bf,1
0x6bed18189f8a20cfe1e18811bb45ce6611b32f9f,1
0x735d591b507affa3cfecf8ddc128b68c88af3cc2,1
0x9323f39c0da25aee3e14741aa9a7e4a261db631d,1
0x28772146a0b6baa26a7a4f6c9e3306b3830e0ba6,1
0x0eed0db00de30abbfd7b3f259cbe12acd84b9063,1
0xf26c795e10b7ff3673ed49ee7f74d174c41f6bcb,1
0x03bc974e8fbc891de1f4b034276cba85e1a666d5,1
0x1dc37bf3b2a885169385d5d25d0850ea53a64b72,1
0x586cd85efb963fa25d920ad71652abf135b18a8c,1
0x8fcd6bb6097782dc7953d1f4ce83aa6b5086123f,1
0xeaaeae9a033ba4757473e61cced73942418973c0,1
0x25caa22d5808bec995c3a33f4d4693ff4813f712,1
0xb887bc171e85bbc94ad08eef6eacd927c1ff7d49,1
0x68f6da67bf6600440723010237c95c27d2b8f763,1
0x3d13715c77f33c978c0dfe45d10aa46437dc17ca,1
0xc289fa2a9038c4268f7a33b8545279114d1715db,1
0x0b5f100e2ea6de4d509d25dbc84d27affe916876,1
0x5a1790752a54921a0f96d448e402251ea5788f3f,1
0xefbb124074b01e92f08667bd015fcc972aa287ab,1
0x78e3c55fda91841348b40df6e82d96300f059d50,1
0x6fefd705fa1bf8da70d35c0b1aa8663bf272c592,1
0x59b6ebe0ec24bf3241f17df9eb3ef4716aff8b04,1